unit,geo,2011,2012,2013,2014,2015,2016,2017,2018,2019,2020,2021,2022
PER_KM2,AL01,:,79.2,78.5,77.7,77.0,76.6,76.1,75.5,74.8,77.0e,76.3e,75.3e
PER_KM2,AL02,:,219.6,222.3,225.1,227.0,229.2,232.4,234.8,236.2,237.8e,238.6e,238.9e
PER_KM2,AL03,:,73.3,72.4,71.6,70.7,69.9,68.9,67.9,67.1,68.8e,67.9e,66.5e
PER_KM2,AT11,77.7,78.0,78.2,78.5,79.0,79.4b,79.7,77.5,77.8,77.8,78.1,78.5
PER_KM2,AT12,85.2,85.5,85.7,86.2,87.0,87.7b,88.2,88.5,88.9,88.9,89.3,89.6
PER_KM2,AT13,4323.5,4377.6,4440.5,4511.5,4604.5,4693.4b,4754.9,4780.6,4808.9,4808.9,4838.6,4864.3
PER_KM2,AT21,59.4,59.4,59.4,59.5,59.7,59.9b,59.9,59.9,59.9,59.9,60.0,60.1
PER_KM2,AT22,74.3,74.4,74.6,75.0,75.5,76.0b,76.2,76.4,76.6,76.6,76.7,76.9
PER_KM2,AT31,120.5,120.9,121.4,122.2,123.4,124.6b,125.4,126.1,126.8,126.8,127.4,128.1
PER_KM2,AT32,75.0,75.3,75.6,76.1,76.9,77.7b,78.1,78.5,78.9,78.9,79.3,79.6
PER_KM2,AT33,56.7,57.0,57.5,58.0,58.7,59.3b,59.8,60.2,60.4,60.4,60.7,60.9
PER_KM2,AT34,146.1,146.7,147.6,148.8,150.5,152.5b,154.0,155.2,156.3,156.3,157.3,158.2
PER_KM2,BE10,7131.1,7194.2,7260.7,7319.4,7408.0,7454.6b,7421.6,7471.5,7526.7,7526.7,7560.8,7577.1
PER_KM2,BE21,637.4,641.3,644.7,648.0,652.0,655.9b,657.7,661.6,665.8,665.8,669.1,672.2
PER_KM2,BE22,355.7,357.4,358.7,360.0,361.9,363.6b,364.5,365.8,367.5,367.5,369.0,370.6
PER_KM2,BE23,493.1,495.4,497.8,500.4,503.4,506.7b,505.8,508.8,512.3,512.3,515.2,518.4
PER_KM2,BE24,520.0,523.1,526.0,528.8,532.2,536.0b,536.7,540.5,544.7,544.7,548.6,552.8
PER_KM2,BE25,374.6,375.7,376.5,377.3,378.3,379.5b,377.9,379.2,380.8,380.8,382.1,383.5
PER_KM2,BE31,353.1,355.6,357.9,360.2,363.0,365.5b,365.2,367.3,369.7,369.7,371.5,373.3
PER_KM2,BE32,350.5,352.0,353.1,353.9,354.8,355.4b,353.4,353.9,354.8,354.8,355.3,355.9
PER_KM2,BE33,282.5,283.7,284.7,285.5,286.5,287.4b,288.5,289.0,289.7,289.7,290.2,290.4
PER_KM2,BE34,61.9,62.3,62.6,62.9,63.5,64.0b,63.8,64.1,64.6,64.6,65.2,65.7
PER_KM2,BE35,131.7,132.4,132.8,133.4,134.2,134.9b,135.0,135.3,135.9,135.9,136.4,137.0
PER_KM2,BG31,45.2,44.5,43.8,43.1,42.5,41.2b,40.5,39.8,39.0,39.0,38.4,37.8
PER_KM2,BG32,59.0,58.4,57.8,56.5,57.0,55.3b,54.6,53.9,53.1,53.1,52.5,51.7
PER_KM2,BG33,66.7,66.3,66.1,66.5,65.5,64.7b,64.3,64.0,63.7,63.7,63.4,63.0
PER_KM2,BG34,55.5,55.2,54.9,54.8,54.8,53.6b,53.2,52.9,52.5,52.5,52.2,51.8
PER_KM2,BG41,106.4,106.3,106.2,105.8,107.1,104.7b,104.4,104.1,103.7,103.7,103.3,102.7
PER_KM2,BG42,67.5,67.1,66.7,66.3,66.0,64.7b,64.3,63.9,63.7,63.7,63.5,63.2
PER_KM2,CH01,180.3,182.5,185.0,188.1,191.1,194.2b,196.4,198.2,199.7,199.7,201.3,203.2
PER_KM2,CH02,180.3,181.9,183.9,185.8,187.6,189.8b,191.2,192.1,193.0,193.0,193.9,195.0
PER_KM2,CH03,551.6,556.8,563.1,569.7,575.9,587.1b,593.1,598.0,603.0,603.0,608.3,613.7
PER_KM2,CH04,832.5,843.2,853.2,864.5,876.8,893.1b,904.6,914.5,925.1,925.1,934.9,942.6
PER_KM2,CH05,98.0,98.9,99.8,100.7,101.6,102.7b,103.4,104.0,104.6,104.6,105.4,106.3
PER_KM2,CH06,176.6,178.5,180.4,182.4,184.3,186.9b,188.7,190.4,191.9,191.9,193.4,195.0
PER_KM2,CH07,122.3,123.8,125.5,127.1,128.2,129.2b,129.5,129.4,128.9,128.9,128.5,128.6
PER_KM2,CY00,92.3,93.8,93.5,92.5,92.0,92.4b,93.3,94.4,95.7,95.7,96.8,97.7
PER_KM2,CZ01,2550.2,2563.5,2564.9,2577.6,2604.7,2626.8b,2654.7,2683.7,2714.3,2714.3,2741.6,2613.2b
PER_KM2,CZ02,117.7,119.0,120.0,121.1,122.3,124.4b,125.6,127.0,128.5,128.5,129.8,128.7b
PER_KM2,CZ03,70.8,70.8,70.9,71.0,71.1,70.9b,71.1,71.4,71.8,71.8,72.0,70.8b
PER_KM2,CZ04,133.5,133.3,133.0,132.7,132.4,132.1b,131.9,131.7,131.7,131.7,131.3,128.0b
PER_KM2,CZ05,123.1,123.1,123.0,122.9,123.0,123.1b,123.2,123.4,123.7,123.7,123.8,122.1b
PER_KM2,CZ06,122.3,122.4,122.5,122.6,122.8,123.0b,123.3,123.6,124.0,124.0,124.3,123.1b
PER_KM2,CZ07,134.7,134.5,134.2,134.0,133.8,133.6b,133.4,133.3,133.2,133.2,132.9,131.2b
PER_KM2,CZ08,232.0,231.3,230.5,229.6,228.9,228.0b,227.3,226.7,226.2,226.2,225.2,222.2b
PER_KM2,DE11,371.1,372.8,375.1,378.0,382.6,387.1b,389.8,392.0,393.3,393.3,393.7,393.5
PER_KM2,DE12,385.5,387.2,389.5,392.1,396.4,403.9b,406.3,408.2,409.3,409.3,409.5,409.6
PER_KM2,DE13,229.4,230.5,231.7,233.4,236.0,241.0b,242.6,244.0,244.9,244.9,245.5,246.3
PER_KM2,DE14,197.7,198.4,199.2,200.5,202.9,210.6b,212.0,213.2,214.2,214.2,214.9,215.6
PER_KM2,DE21,247.5,250.4,253.4,256.4,259.8,268.3b,270.1,271.6,273.4,273.4,274.4,274.9
PER_KM2,DE22,113.7,114.1,114.8,115.5,116.7,118.5b,119.4,120.3,121.0,121.0,121.5,121.9
PER_KM2,DE23,110.6,110.8,111.1,111.5,112.2,113.6b,114.2,114.8,115.2,115.2,115.3,115.6
PER_KM2,DE24,147.1,146.6,146.2,146.0,146.2,147.0b,147.5,147.9,147.8,147.8,147.4,147.2
PER_KM2,DE25,232.5,233.7,235.1,236.3,238.4,241.8b,243.3,244.7,245.7,245.7,246.1,246.2
PER_KM2,DE26,152.5,152.2,152.1,152.2,152.7,153.9b,154.4,154.8,155.1,155.1,155.1,155.3
PER_KM2,DE27,178.2,178.9,180.1,181.5,183.5,187.3b,188.7,190.2,191.5,191.5,192.5,193.4
PER_KM2,DE30,3719.9,3757.3,3811.3,3867.4,3922.5,4193.2b,4248.4,4289.8,4322.9,4322.9,4334.3,4339.0
PER_KM2,DE40,83.3,83.1,83.1,82.7,83.3,85.8b,86.1,86.4,86.7,86.7,87.1,87.3
PER_KM2,DE50,1554.8,1558.7,1564.9,1570.6,1587.4,1726.7b,1738.9,1744.3,1744.5,1744.5,1740.8,1734.8
PER_KM2,DE60,2267.0,2285.5,2304.1,2323.9,2351.1,2533.7b,2564.1,2585.7,2597.5,2597.5,2605.4,2610.2
PER_KM2,DE71,503.6,507.4,511.3,516.2,522.9,532.4b,536.1,539.3,542.2,542.2,544.1,544.5
PER_KM2,DE72,190.7,190.4,190.1,190.7,192.2,193.8b,194.3,194.7,194.9,194.9,195.1,195.3
PER_KM2,DE73,145.5,145.2,144.9,144.8,145.7,147.1b,147.4,147.5,147.5,147.5,147.4,147.3
PER_KM2,DE80,69.5,69.1,68.9,68.6,68.9,71.4b,71.4,71.3,71.3,71.3,71.3,71.4
PER_KM2,DE91,194.8,194.5,194.4,194.4,195.8,197.5b,197.3,197.4,197.3,197.3,197.0,196.7
PER_KM2,DE92,231.4,231.5,231.8,232.1,233.9,237.6b,238.2,238.8,239.0,239.0,238.9,239.0
PER_KM2,DE93,107.7,107.6,107.7,107.7,108.7,110.6b,110.8,111.0,111.4,111.4,111.7,112.2
PER_KM2,DE94,162.7,163.0,163.3,163.7,165.4,167.9b,168.6,169.2,169.8,169.8,170.4,171.1
PER_KM2,DEA1,960.0,959.9,960.8,963.6,971.6,1002.4b,1004.8,1005.9,1006.7,1006.7,1006.5,1005.6
PER_KM2,DEA2,582.7,584.9,587.2,590.3,596.3,607.6b,609.7,611.8,613.4,613.4,613.9,613.5
PER_KM2,DEA3,371.9,372.2,372.0,372.6,375.5,379.1b,379.6,379.9,380.1,380.1,380.2,380.7
PER_KM2,DEA4,311.2,310.6,310.3,310.7,313.3,316.4b,316.1,316.2,316.3,316.3,316.2,316.3
PER_KM2,DEA5,446.7,445.1,443.9,443.7,446.5,450.4b,449.5,449.3,449.1,449.1,448.4,447.4
PER_KM2,DEB1,183.7,183.1,182.7,182.8,183.6,185.8b,186.1,186.4,186.7,186.7,187.0,187.3
PER_KM2,DEB2,105.3,105.3,105.4,105.7,107.0,108.3b,107.9,108.2,108.5,108.5,108.9,109.3
PER_KM2,DEB3,299.3,291.0,291.7,292.9,295.1,300.0b,301.4,302.4,303.2,303.2,303.6,303.9
PER_KM2,DEC0,389.2,387.8,386.4,385.0,386.0,388.4b,388.1,386.9,385.5,385.5,384.2,383.3
PER_KM2,DED2,200.9,200.7,200.6,200.4,201.1,206.1b,205.9,205.7,205.6,205.6,205.1,204.2
PER_KM2,DED4,229.7,227.8,226.0,224.6,224.3,224.3b,222.7,221.3,219.9,219.9,218.2,216.3
PER_KM2,DED5,244.3,245.9,247.8,249.6,253.4,262.2b,264.9,266.9,268.4,268.4,269.7,270.8
PER_KM2,DEE0,111.8,110.9,110.1,109.5,109.5,110.7b,110.1,109.4,108.7,108.7,108.1,107.4
PER_KM2,DEF0,177.3,177.5,177.9,178.7,180.0,186.3b,187.3,187.8,188.2,188.2,188.7,189.3
PER_KM2,DEG0,135.3,134.6,133.9,133.3,133.6,134.1b,133.5,133.0,132.4,132.4,131.7,131.0
PER_KM2,DK01,670.4,676.8,681.8,687.6,695.1,738.5b,745.4,751.2,756.0,756.0,760.0,764.5
PER_KM2,DK02,113.4,113.2,113.1,113.3,114.1,117.3b,117.8,118.1,118.3,118.3,118.4,118.9
PER_KM2,DK03,97.5,98.0,98.1,98.2,98.6,101.3b,101.7,101.9,102.0,102.0,102.0,102.3
PER_KM2,DK04,97.2,97.7,98.0,98.4,99.0,101.7b,102.5,103.2,103.7,103.7,104.1,104.7
PER_KM2,DK05,73.7,73.7,73.7,73.8,74.1,76.0b,76.2,76.4,76.4,76.4,76.5,76.6
PER_KM2,EE00,30.6,30.5,30.3,30.3,30.3,30.3b,30.3,30.4,30.5,30.5,30.6,30.9
PER_KM2,EL30,1043.1,1032.6,1019.5,1007.7,999.0,992.5b,989.2,989.8,987.5,987.5,986.8,995.7
PER_KM2,EL41,52.1,51.9,51.6,51.4,51.6,52.4b,54.3,56.9,59.3,59.3,60.3,55.8
PER_KM2,EL42,63.0,63.1,63.1,63.1,63.3,63.7b,64.3,65.5,66.1,66.1,66.5,64.6
PER_KM2,EL43,75.3,75.5,75.6,75.7,75.8,75.9b,76.0,76.4,76.5,76.5,76.7,75.9
PER_KM2,EL51,43.1,43.1,43.0,42.8,43.1,42.9b,42.8,42.9,42.8,42.8,42.7,41.3
PER_KM2,EL52,100.4,100.1,99.6,99.1,100.0,99.6b,99.4,101.3,101.2,101.2,100.8,98.6
PER_KM2,EL53,30.1,29.8,29.6,29.3,29.7,29.5b,29.2,29.1,28.8,28.8,28.5,28.0
PER_KM2,EL54,37.8,37.6,37.3,37.1,37.2,37.0b,36.9,36.8,36.8,36.8,36.6,35.8
PER_KM2,EL61,53.1,52.9,52.6,52.4,52.2,52.0b,51.7,51.7,51.4,51.4,51.1,50.1
PER_KM2,EL62,90.7,90.5,90.2,89.9,89.9,89.5b,89.2,89.7,89.4,89.4,89.1,89.3
PER_KM2,EL63,60.9,60.5,60.0,59.6,60.6,60.2b,59.8,59.6,59.2,59.2,58.8,58.6
PER_KM2,EL64,36.1,36.0,36.0,35.9,36.1,36.0b,36.0,36.0,36.1,36.1,36.0,34.4
PER_KM2,EL65,38.0,37.9,37.8,37.7,37.6,37.5b,37.3,37.2,37.1,37.1,36.9,35.8
PER_KM2,ES11,94.5,94.3,93.9,93.4,92.9,92.4b,92.1,92.0,92.0,92.0,91.9,91.7
PER_KM2,ES12,101.7,101.3,100.5,99.8,99.0,98.2b,97.6,97.0,96.6,96.6,96.2,95.6
PER_KM2,ES13,112.5,112.4,111.9,111.4,110.9,110.5b,110.4,110.4,110.5,110.5,110.7,110.9
PER_KM2,ES21,303.4,302.9,301.7,299.6,301.3,301.2b,301.7,302.4,303.7,303.7,304.2,303.4
PER_KM2,ES22,61.7,61.8,61.6,61.5,61.6,61.7b,62.1,62.5,63.1,63.1,63.5,63.6
PER_KM2,ES23,63.8,63.6,63.0,62.4,62.2,62.2b,62.2,62.3,62.6,62.6,62.8,62.8
PER_KM2,ES24,28.3,28.3,28.1,28.0,27.9,27.8b,27.7,27.7,27.9,27.9,28.0,27.9
PER_KM2,ES30,805.2,806.4,803.5,801.0,803.9,809.2b,817.0,827.3,839.7,839.7,846.9,848.3
PER_KM2,ES41,27.1,27.0,26.8,26.5,26.3,26.1b,25.9,25.7,25.6,25.6,25.5,25.4
PER_KM2,ES42,26.7,26.6,26.4,26.2,26.0,25.8b,25.7,25.7,25.8,25.8,25.9,25.9
PER_KM2,ES43,27.1,27.1,27.0,26.8,26.7,26.4b,26.2,26.1,26.0,26.0,25.9,25.8
PER_KM2,ES51,234.6,234.4,232.9,232.0,231.9,232.3b,233.5,235.5,238.1,238.1,239.7,240.1
PER_KM2,ES52,217.1,216.9,215.7,213.8,213.3,213.3b,213.6,214.4,216.2,216.2,217.8,218.7
PER_KM2,ES53,219.6,221.5,223.0,224.8,226.8,229.9b,233.0,236.8,241.2,241.2,244.4,245.7
PER_KM2,ES61,96.6,96.9,97.0,96.8,96.9,96.9b,96.9,97.0,97.4,97.4,97.8,98.1
PER_KM2,ES62,129.4,129.5,129.5,129.5,129.7,130.0b,130.4,131.1,132.4,132.4,133.5,134.3
PER_KM2,ES63,4295.6,4371.3,4392.9,4457.0,4456.4,4242.2b,4256.1,4251.0,4222.9,4222.9,4190.1,4150.8
PER_KM2,ES64,5990.2,6167.5,6245.0,6478.5,6512.8,6061.1b,6059.1,6049.9,6041.5,6041.5,6017.7,5973.5
PER_KM2,ES70,278.7,281.4,283.3,284.9,286.3,289.1b,291.8,295.3,299.4,299.4,301.9,302.9
PER_KM2,FI19,23.4,23.5,23.5,23.6,23.6,23.7b,23.7,23.7,23.7,23.7,23.6,23.7
PER_KM2,FI1B,169.4,171.3,173.3,175.3,177.2,179.1b,181.0,182.8,184.7,184.7,186.5,187.8
PER_KM2,FI1C,36.5,36.5,36.6,36.9,36.9,36.9b,36.8,36.7,36.6,36.6,36.5,36.5
PER_KM2,FI1D,6.4,6.4,6.4,6.4,6.4,6.4b,6.4,6.3,6.3,6.3,6.3,6.3
PER_KM2,FI20,18.2,18.3,18.4,18.6,18.6,18.7b,18.9,19.1,19.2,19.2,19.3,19.5
PER_KM2,FR10,988.6,993.1,998.5,1008.6,1007.3,1016.2,1020.3,1023.5,1026.8,1027.9,1031.5p,1032.4p
PER_KM2,FRB0,65.4,65.6,65.7,65.7,65.7,65.7,65.6,65.5,65.4,65.6,65.5p,65.5p
PER_KM2,FRC1,52.0,52.0,52.0,52.0,51.9,51.8,51.6,51.5,51.3,51.4,51.2p,51.1p
PER_KM2,FRC2,72.5,72.6,72.7,72.7,72.8,72.8,72.7,72.7,72.6,72.8,72.7p,72.6p
PER_KM2,FRD1,83.9,84.0,84.1,83.4,83.3,83.2,83.0,82.8,82.6,82.8,82.6p,82.6p
PER_KM2,FRD2,149.6,150.0,150.4,151.7,151.8,151.7,151.6,151.4,151.2,151.4,151.2p,151.1p
PER_KM2,FRE1,326.0,326.7,327.7,328.5,328.4,328.2,328.1,327.9,327.4,328.1,327.9p,327.6p
PER_KM2,FRE2,99.0,99.2,99.4,99.6,99.7,99.6,99.6,99.5,99.4,99.6,99.4p,99.2p
PER_KM2,FRF1,224.2,225.1,225.9,227.0,227.7,228.3,229.2,230.0,230.6,231.2,231.9p,232.9p
PER_KM2,FRF2,52.2,52.3,52.3,52.4,52.3,52.1,51.9,51.7,51.5,51.6,51.4p,51.3p
PER_KM2,FRF3,99.8,99.7,99.5,99.6,99.5,99.3,99.1,98.9,98.6,98.9,98.7p,98.6p
PER_KM2,FRG0,112.7,113.7,114.6,115.1,115.8,116.4,117.1,117.7,118.3,118.6,119.2p,120.1p
PER_KM2,FRH0,118.6,119.4,120.1,120.0,120.5,121.0,121.5,122.0,122.4,122.8,123.4p,124.1p
PER_KM2,FRI1,79.2,79.9,80.6,81.2,81.8,82.4,82.9,83.4,83.9,84.1,84.7p,85.2p
PER_KM2,FRI2,43.7,43.6,43.5,43.5,43.4,43.3,43.2,43.0,42.9,42.9,42.7p,42.6p
PER_KM2,FRI3,69.0,69.2,69.5,69.5,69.7,69.8,69.9,69.9,70.0,70.2,70.3p,70.5p
PER_KM2,FRJ1,98.1,99.2,100.1,101.0,101.7,102.4,103.1,103.8,104.4,104.7,105.4p,106.2p
PER_KM2,FRJ2,64.3,64.8,65.4,65.9,66.3,66.6,67.1,67.5,67.8,68.0,68.5p,69.0p
PER_KM2,FRK1,52.0,52.1,52.2,52.2,52.3,52.3,52.4,52.5,52.6,52.6,52.6p,52.6p
PER_KM2,FRK2,144.5,145.8,147.2,146.6,147.7,148.5,149.3,150.2,150.9,151.2,152.0p,152.9p
PER_KM2,FRL0,156.9,157.5,158.2,159.9,160.6,160.9,161.4,162.0,162.4,163.0,163.5p,164.2p
PER_KM2,FRM0,36.3,36.7,37.1,37.5,37.9,38.3,38.8,39.2,39.6,39.4,39.8p,40.1p
PER_KM2,FRY1,:,:,328.5,258.6,257.0,254.6,252.2,249.7,247.0,246.7,244.2p,242.8p
PER_KM2,FRY2,346.0,343.0,341.1,347.0,343.6,339.9,336.4,332.7,328.6,328.9,325.0p,321.3p
PER_KM2,FRY3,2.9,2.9,3.0,3.1,3.2,3.2,3.3,3.3,3.4,3.4,3.5p,3.5p
PER_KM2,FRY4,332.0,333.3,335.1,341.7,343.8,344.3,345.0,345.5,345.7,347.9,348.9p,350.3p
PER_KM2,FRY5,:,:,:,624.5,648.2,672.8,698.3,724.4,750.8,751.9,777.6p,804.6p
PER_KM2,HR02,:,:,:,:,:,:,:,:,:,:,45.1b,45.1b
PER_KM2,HR03,57.2,57.0,56.9,56.8,56.6,56.7b,56.4,56.1,56.0,56.0,55.9,54.4b
PER_KM2,HR04,90.0,89.7,89.3,88.8,88.1,88.6b,87.5,86.5,85.8,85.8,:,:
PER_KM2,HU11,3295.5,3297.7,3313.8,3433.6,3448.1,3443.2b,3433.8,3433.4,3433.8,3433.8,3405.9,3363.4
PER_KM2,HU12,191.7,190.2,190.8,194.8,195.9,197.6b,199.7,202.3,205.1,205.1,207.5,209.7
PER_KM2,HU21,98.3,96.9,96.7,99.8,99.4,99.0b,98.8,98.9,99.1,99.1,99.2,99.0
PER_KM2,HU22,87.8,86.9,86.9,88.0,87.9,87.9b,88.0,88.2,88.6,88.6,89.0,89.1
PER_KM2,HU23,66.1,65.5,64.9,66.4,65.8,65.2b,64.7,64.2,63.7,63.7,63.4,63.0
PER_KM2,HU31,88.5,89.0,88.1,88.1,87.2,86.4b,85.7,85.0,84.4,84.4,83.9,83.3
PER_KM2,HU32,83.3,84.3,83.9,85.1,84.8,84.5b,84.1,83.6,83.1,83.1,82.6,82.1
PER_KM2,HU33,71.1,70.5,70.0,70.4,70.0,69.4b,68.9,68.5,68.1,68.1,67.7,67.3
PER_KM2,IE04,:,32.3,32.3,33.4,33.5,33.8b,34.1,34.5,35.0,35.0e,35.3,35.6
PER_KM2,IE05,52.6,52.9,53.1,53.3,53.5,53.9b,54.4,54.9,55.6,55.6e,56.1,56.6
PER_KM2,IE06,:,153.1,154.2,157.9,160.4,162.7b,164.7,167.1,169.8,169.8e,171.7,173.4
PER_KM2,IS00,3.2,3.2,3.2,3.3,3.3,3.3b,3.4,3.5,3.6,3.6,3.6,3.7
PER_KM2,ITC1,175.4,175.6,173.5,178.2,177.6,176.9b,174.3,173.6,172.3,171.8b,170.7,169.6
PER_KM2,ITC2,39.1,39.3,39.3,39.7,39.5,39.2b,39.0,38.8,38.6,38.6b,38.4,38.1
PER_KM2,ITC3,294.7,293.9,291.5,297.9,295.9,294.2b,288.7,287.3,284.3,282.7b,281.4,279.9
PER_KM2,ITC4,424.7,427.5,414.2,438.1,438.8,439.2b,435.1,436.0,435.8,434.7b,434.1,432.3
PER_KM2,ITF1,122.9,123.1,122.2,125.3,125.0,124.5b,122.0,121.5,120.5,120.0b,119.1,118.3
PER_KM2,ITF2,71.7,71.6,70.4,71.8,71.5,71.2b,69.6,69.1,68.2,68.0b,66.9,66.0
PER_KM2,ITF3,430.5,430.6,425.7,438.0,437.3,436.5b,427.8,426.4,422.2,420.0b,415.7,412.5
PER_KM2,ITF4,211.1,211.1,208.3,213.1,212.8,212.1b,210.2,209.3,206.8,205.4b,204.3,203.6
PER_KM2,ITF5,59.5,59.4,57.3,59.4,59.2,58.9b,56.8,56.4,55.7,55.5b,54.8,54.2
PER_KM2,ITF6,132.9,132.7,129.4,134.1,133.8,133.4b,129.2,128.6,126.5,125.4b,123.7,122.4
PER_KM2,ITG1,196.9,196.8,195.4,200.5,200.1,199.4b,196.2,195.1,192.1,190.3b,188.9,188.1
PER_KM2,ITG2,68.6,68.6,68.6,69.6,69.5,69.3b,69.3,69.1,68.3,67.9b,67.3,66.5
PER_KM2,ITH1,68.3,68.8,69.3,70.2,70.5,70.9b,71.4,71.8,72.2,72.1b,72.4,72.4
PER_KM2,ITH2,85.3,85.9,85.9,87.4,87.6,87.7b,87.6,87.8,88.2,88.5b,88.3,88.0
PER_KM2,ITH3,276.2,277.0,266.4,280.4,280.1,279.5b,282.8,282.8,282.0,281.4b,281.0,280.1
PER_KM2,ITH4,161.4,161.4,155.9,162.6,162.0,161.4b,160.7,160.5,159.9,159.6b,159.0,158.2
PER_KM2,ITH5,193.2,194.2,196.5,198.1,198.2,198.1b,201.5,201.7,201.9,201.9b,201.5,200.6
PER_KM2,ITI1,161.9,162.4,161.9,165.6,165.4,165.2b,164.0,163.7,162.7,162.1b,161.9,161.3
PER_KM2,ITI2,107.1,107.2,105.3,108.5,108.2,107.9b,106.8,106.3,105.5,105.0b,104.5,103.8
PER_KM2,ITI3,164.6,164.7,164.8,165.1,164.6,163.9b,163.6,162.9,161.9,161.6b,160.4,159.1
PER_KM2,ITI4,325.0,327.2,331.6,348.1,348.6,348.8b,347.7,347.2,343.0,339.9b,338.7,337.5
PER_KM2,LI00,232.5,234.7,236.8,235.7,237.3,238.7b,240.3,242.1,244.1,244.1,246.2,248.0
PER_KM2,LT01,85.8,85.5,85.5,85.5,85.6,85.5b,85.5,85.8,86.6,86.6,87.6,87.5
PER_KM2,LT02,41.7,41.0,40.4,39.9,39.4,38.8b,38.0,37.5,37.2,37.2,37.0,37.1
PER_KM2,LU00,200.4,205.3,210.1,215.1,220.3,225.1b,230.6,235.1,239.8,239.8,243.8,247.5
PER_KM2,LV00,33.1,32.7,32.4,32.0,31.8,31.0b,30.7,30.4,30.2,30.2,30.0,29.8
PER_KM2,ME00,44.9,44.9,45.0,45.0,45.0,45.7b,45.7,45.7,45.7,45.7,45.6,45.5
PER_KM2,MK00,82.6,82.7,82.8,83.0,83.1,83.2b,83.3,83.4,83.4,83.4,83.2,78.4
PER_KM2,MT00,1317.3,1329.2,1348.0,1375.2,1408.4,1450.2b,1495.2,1548.3,1595.1,1610.4,1646.4,1656.7p
PER_KM2,NL11,248.6,250.0,250.4,251.0,251.2,247.3b,247.1,247.2,247.9,247.9,248.5,249.4
PER_KM2,NL12,193.7,193.7,193.6,193.7,193.7,190.3b,190.5,190.6,191.0,191.0,191.6,192.1
PER_KM2,NL13,185.9,185.8,185.5,185.6,185.6,183.5b,184.2,184.3,184.5,184.5,185.0,185.8
PER_KM2,NL21,341.6,342.5,342.8,343.5,344.2,340.9b,341.9,343.2,344.9,344.9,346.4,347.8
PER_KM2,NL22,403.8,405.1,406.0,407.2,408.8,408.3,410.8,413.2,415.8,415.8,418.3,420.7
PER_KM2,NL23,277.8,280.5,282.0,283.9,285.4,282.9b,285.5,288.6,292.5,292.5,296.6,300.7
PER_KM2,NL31,890.2,897.4,903.4,913.4,920.6,910.4b,918.1,926.1,934.6,934.6,953.9,971.9
PER_KM2,NL32,1011.1,1019.4,1025.3,1032.9,1041.1,1016.0b,1024.5,1032.4,1041.2,1041.2,1047.6,1053.1
PER_KM2,NL33,1257.8,1267.1,1271.5,1278.4,1286.5,1260.8b,1271.0,1281.2,1292.2,1292.2,1295.1,1296.8
PER_KM2,NL34,213.5,213.7,213.5,213.6,213.8,211.5b,211.8,212.2,212.6,212.6,213.2,214.1
PER_KM2,NL41,500.1,502.1,503.7,506.4,508.4,505.1b,508.0,511.3,514.8,514.8,517.7,520.7
PER_KM2,NL42,522.0,522.2,521.4,521.2,520.3,517.8b,518.0,517.7,517.7,517.7,517.6,517.9
PER_KM2,NO01,229.3,235.8,239.8,244.0,248.2,249.0b,252.5,255.9,259.8,259.8,:,:
PER_KM2,NO02,7.6,7.6,7.7,7.7,7.7,7.6b,7.7,7.7,7.7,7.7,7.5,7.5
PER_KM2,NO03,27.9,28.4,28.6,28.9,29.1,28.9b,29.1,29.3,29.4,29.4,:,:
PER_KM2,NO04,30.6,31.2,31.7,32.1,32.4,31.7b,31.9,32.0,32.2,32.2,:,:
PER_KM2,NO05,18.1,18.4,18.6,18.8,19.0,18.9b,19.0,19.0,19.1,19.1,:,:
PER_KM2,NO06,11.1,11.2,11.4,11.5,11.6,11.5b,11.7,11.8,11.8,11.8,12.0,12.0
PER_KM2,NO07,4.4,4.4,4.5,4.5,4.5,4.4b,4.5,4.5,4.5,4.5,4.5,4.5
PER_KM2,PL21,220.2,220.8,221.2,220.9,221.4,221.9b,222.5,223.2,224.0,224.0,224.4,224.3
PER_KM2,PL22,377.2,376.4,375.2,373.7,372.6,371.6b,370.7,369.9,368.8,368.8,367.2,364.7
PER_KM2,PL41,116.6,116.8,117.0,116.8,117.0,117.1b,117.4,117.6,117.9,117.9,118.0,117.8
PER_KM2,PL42,78.2,78.2,78.0,77.3,77.2,77.0b,76.9,76.8,76.6,76.6,76.3,75.9
PER_KM2,PL43,73.6,73.6,73.5,73.0,72.9,72.8b,72.8,72.7,72.6,72.6,72.4,71.9
PER_KM2,PL51,145.6,145.5,145.3,145.1,145.0,144.9b,144.9,144.9,144.9,144.9,144.7,144.2
PER_KM2,PL52,104.6,104.3,103.8,102.9,102.5,102.2b,102.0,101.7,101.4,101.4,100.8,100.1
PER_KM2,PL61,118.6,118.5,118.4,117.6,117.4,117.3b,117.2,117.1,116.8,116.8,116.4,115.7
PER_KM2,PL62,62.7,62.6,62.5,61.9,61.7,61.5b,61.4,61.3,61.1,61.1,60.8,60.4
PER_KM2,PL63,128.0,128.4,128.8,128.2,128.6,129.0b,129.5,130.0,130.6,130.6,131.0,131.1
PER_KM2,PL71,:,:,138.3,137.7,137.2,136.7b,136.2,135.7,135.2,135.2,134.4,133.3
PER_KM2,PL72,:,:,108.1,107.5,107.0,106.6b,106.1,105.6,105.1,105.1,104.3,103.4
PER_KM2,PL81,:,:,85.8,85.5,85.2,84.9b,84.6,84.3,84.0,84.0,83.5,82.9
PER_KM2,PL82,:,:,118.2,117.7,117.7,117.7b,117.8,117.8,117.8,117.8,117.6,117.1
PER_KM2,PL84,:,:,58.6,58.2,58.0,57.9b,57.8,57.7,57.5,57.5,57.3,57.0
PER_KM2,PL91,:,:,:,490.4,493.9,497.4b,501.2,505.4,510.2,510.2,513.7,515.9
PER_KM2,PL92,:,:,:,80.5,80.3,80.1b,80.0,79.8,79.5,79.5,79.1,78.6
PER_KM2,PT11,173.4,172.7,171.7,170.7,169.7,170.2b,169.6,169.3,169.3,169.3,169.1,170.1bp
PER_KM2,PT15,89.8,89.1,88.7,88.4,88.4,89.5b,89.3,89.0,88.9,88.9,88.8,94.7bp
PER_KM2,PT16,82.4,81.8,81.2,80.6,80.2,80.4b,79.9,79.5,79.2,79.2,79.4,79.9bp
PER_KM2,PT17,941.0,940.3,932.9,931.5,932.3,1002.5b,1006.2,1010.7,1015.9,1015.9,1020.0,1022.6bp
PER_KM2,PT18,23.9,23.8,23.6,23.4,23.1,23.2b,23.0,22.8,22.7,22.7,22.6,22.8bp
PER_KM2,PT20,106.4,106.5,106.6,106.3,106.0,106.5b,106.1,105.6,105.3,105.3,105.2,102.6bp
PER_KM2,PT30,332.2,329.1,327.3,324.6,321.5,320.0b,318.7,318.1,318.0,318.0,318.0,314.4bp
PER_KM2,RO11,80.6,77.1,77.0,76.8,76.6,76.4,76.1,75.2,75.0,75.0e,74.7e,74.4e
PER_KM2,RO12,74.6,69.9,69.8,69.6,69.4,69.2,68.9,68.4,68.2,68.2e,68.0e,67.4e
PER_KM2,RO21,102.5,91.0,90.7,90.6,90.4,89.9,89.5,88.0,87.5,87.5e,87.0e,87.5e
PER_KM2,RO22,89.6,81.1,80.7,80.2,79.6,78.8,78.1,71.6,70.9,70.9e,70.2e,70.0e
PER_KM2,RO31,97.0,93.2,92.5,91.8,91.0,90.1,89.2,87.1,86.1,86.1e,85.2e,84.5e
PER_KM2,RO32,1288.2,1297.0,1297.7,1298.2,1299.7,1299.1,1304.6,1316.3,1321.9,1321.9e,1325.3e,1310.0e
PER_KM2,RO41,78.2,72.0,71.7,71.1,70.4,69.7,68.9,67.6,66.9,66.9e,66.3e,65.6e
PER_KM2,RO42,60.5,57.8,57.6,57.4,57.2,56.9,56.6,55.9,55.7,55.7e,55.4e,53.8e
PER_KM2,RS11,:,:,:,:,:,:,534.2,535.2,536.4,:,:,:
PER_KM2,RS12,:,:,:,:,:,:,88.3,87.8,87.4,:,:,:
PER_KM2,RS21,:,:,:,:,:,:,73.6,73.0,72.4,:,:,:
PER_KM2,RS22,:,:,:,:,:,:,58.4,57.8,57.2,:,:,:
PER_KM2,SE11,318.0,323.2,328.7,334.1,339.4,344.9b,350.8,356.6,361.8,361.8,365.5,368.4
PER_KM2,SE12,40.8,41.2,41.6,42.0,42.4,43.0b,43.6,44.2,44.7,44.7,45.1,45.4
PER_KM2,SE21,24.4,24.6,24.7,24.8,25.0,25.4b,25.7,26.0,26.2,26.2,26.3,26.4
PER_KM2,SE22,100.2,101.5,102.2,103.2,104.4,105.9b,107.5,108.9,110.1,110.1,111.0,111.9
PER_KM2,SE23,64.1,65.0,65.5,66.1,66.8,67.7b,68.6,69.4,70.1,70.1,70.7,71.1
PER_KM2,SE31,12.9,13.0,13.0,13.1,13.1,13.3b,13.4,13.4,13.5,13.5,13.5,13.5
PER_KM2,SE32,5.2,5.2,5.2,5.2,5.3,5.3b,5.3,5.3,5.3,5.3,5.3,5.3
PER_KM2,SE33,3.3,3.3,3.4,3.4,3.4,3.4b,3.4,3.4,3.4,3.4,3.4,3.4
PER_KM2,SI03,89.1,89.0,88.9,88.7,88.6,88.5b,88.4,88.5,89.0,89.0,89.4,89.5
PER_KM2,SI04,122.1,122.8,123.4,123.9,124.3,124.6b,124.9,125.7,126.9,126.9,128.0,128.5
PER_KM2,SK01,293.9,296.9,299.8,302.9,306.5,315.5b,319.8,324.2,328.8,328.8,333.2,346.5
PER_KM2,SK02,122.7,122.6,122.6,122.4,122.3,123.4b,123.3,123.1,123.0,123.0,122.7,122.3
PER_KM2,SK03,83.0,83.0,82.9,82.8,82.7,83.0b,82.9,82.8,82.7,82.7,82.5,81.7
PER_KM2,SK04,102.1,102.4,102.5,102.7,102.8,103.4b,103.6,103.8,103.9,103.9,104.0,102.8
PER_KM2,TR10,2586.6,2644.2,2695.8,2746.1,2793.9,2838.8b,2874.7,2900.1,2947.3,2947.3,2985.3,:
PER_KM2,TR21,82.8,84.7,85.9,87.4,89.4,91.3b,93.4,95.5,97.1,97.1,98.4,:
PER_KM2,TR22,67.8,68.0,68.5,69.5,70.2,71.8b,72.6,73.6,74.4,74.4,74.7,:
PER_KM2,TR31,329.4,331.8,335.8,340.2,344.7,358.1b,362.8,367.0,370.7,370.7,373.9,:
PER_KM2,TR32,85.2,86.2,87.4,89.0,90.6,93.9b,95.2,96.7,98.2,98.2,99.2,:
PER_KM2,TR33,66.5,66.0,66.5,66.9,67.2,67.5b,68.1,68.7,69.3,69.3,69.7,:
PER_KM2,TR41,126.6,128.1,130.1,132.3,134.6,137.2b,139.6,141.7,144.2,144.2,146.4,:
PER_KM2,TR42,162.5,165.8,169.1,172.7,176.9,182.5b,187.2,191.1,195.0,195.0,198.7,:
PER_KM2,TR51,197.0,201.0,204.1,207.9,212.5,214.1b,217.6,220.8,224.7,224.7,227.9,:
PER_KM2,TR52,47.4,47.8,48.3,48.9,49.5,49.7b,50.2,50.8,51.4,51.4,51.9,:
PER_KM2,TR61,75.2,76.3,78.1,80.0,81.8,84.1b,85.4,87.1,89.5,89.5,91.1,:
PER_KM2,TR62,127.7,129.0,130.3,131.8,133.0,136.6b,138.0,139.0,140.2,140.2,141.8,:
PER_KM2,TR63,129.2,129.9,131.3,132.9,134.3,137.1b,139.0,141.1,143.1,143.1,145.0,:
PER_KM2,TR71,48.0,48.0,48.3,48.4,48.5,48.5b,49.2,50.1,50.9,50.9,51.0,:
PER_KM2,TR72,39.4,39.4,39.5,39.7,39.9,40.3b,40.6,41.1,41.5,41.5,41.6,:
PER_KM2,TR81,108.2,107.4,107.5,107.5,107.6,108.6b,109.2,110.0,110.4,110.4,109.7,:
PER_KM2,TR82,28.1,28.1,28.5,28.8,28.6,28.8b,29.0,30.0,30.5,30.5,29.9,:
PER_KM2,TR83,72.7,72.4,72.4,72.4,72.5,72.7b,73.4,74.3,75.1,75.1,75.1,:
PER_KM2,TR90,71.5,71.9,72.5,72.8,73.1,74.7b,75.6,76.6,77.5,77.5,76.9,:
PER_KM2,TRA1,26.3,26.4,26.2,26.2,26.2,26.3b,26.4,26.5,26.7,26.7,26.5,:
PER_KM2,TRA2,38.2,38.5,38.3,38.0,37.8,38.0b,37.7,37.8,37.8,37.8,37.7,:
PER_KM2,TRB1,45.8,46.5,46.7,46.9,47.2,47.1b,47.4,48.1,48.5,48.5,48.5,:
PER_KM2,TRB2,48.9,49.7,50.2,50.6,51.0,52.4b,52.5,53.1,53.7,53.7,54.0,:
PER_KM2,TRC1,159.9,163.3,166.5,169.7,172.8,177.3b,180.4,183.0,185.7,185.7,188.3,:
PER_KM2,TRC2,95.8,98.2,100.0,101.9,103.9,105.4b,107.5,109.7,111.9,111.9,113.8,:
PER_KM2,TRC3,77.5,79.4,80.5,81.8,82.9,84.6b,85.6,87.6,89.2,89.2,90.4,:
PER_KM2,UKC1,389.2,390.2,391.2,392.3,393.4,394.8b,396.1,397.1,:,:,:,:
PER_KM2,UKC2,255.7,256.5,257.4,258.2,259.0,259.9b,260.8,261.6,:,:,:,:
PER_KM2,UKD1,73.9,73.8,73.7,73.7,73.7,73.7b,73.7,73.6,:,:,:,:
PER_KM2,UKD3,2103.1,2116.3,2127.5,2141.0,2158.9,2177.6b,2193.5,2206.1,:,:,:,:
PER_KM2,UKD4,475.2,476.4,477.4,478.6,480.3,482.5b,484.1,485.5,:,:,:,:
PER_KM2,UKD6,398.9,400.3,401.8,403.5,405.4,407.3b,409.1,410.6,:,:,:,:
PER_KM2,UKD7,2080.8,2087.5,2092.9,2100.4,2111.6,2123.6b,2133.4,2135.6,:,:,:,:
PER_KM2,UKE1,261.0,261.7,262.2,262.6,263.2,263.8b,264.4,265.2,:,:,:,:
PER_KM2,UKE2,96.1,96.6,97.0,97.3,97.7,98.2b,98.6,99.0,:,:,:,:
PER_KM2,UKE3,865.7,871.2,875.8,880.8,886.6,892.6b,898.0,902.8,:,:,:,:
PER_KM2,UKE4,1097.4,1103.7,1109.2,1115.2,1122.6,1130.3b,1137.0,1142.4,:,:,:,:
PER_KM2,UKF1,441.1,443.7,446.4,449.1,452.1,455.5b,458.5,460.9,:,:,:,:
PER_KM2,UKF2,349.2,352.1,355.0,358.6,362.8,367.5b,371.5,374.6,:,:,:,:
PER_KM2,UKF3,120.8,121.5,122.5,123.5,124.6,125.8b,126.7,127.1,:,:,:,:
PER_KM2,UKG1,220.0,221.0,222.0,223.2,224.5,226.1b,227.5,228.7,:,:,:,:
PER_KM2,UKG2,253.4,254.5,255.6,256.6,257.8,259.4b,260.7,261.8,:,:,:,:
PER_KM2,UKG3,3037.2,3062.7,3086.4,3113.3,3145.8,3181.1b,3212.3,3235.7,:,:,:,:
PER_KM2,UKH1,190.6,191.9,193.1,194.7,196.3,197.8b,199.1,200.1,:,:,:,:
PER_KM2,UKH2,603.1,609.5,616.4,623.9,631.4,637.4b,643.0,648.3,:,:,:,:
PER_KM2,UKH3,471.3,474.7,478.8,483.5,488.0,492.2b,496.3,500.0,:,:,:,:
PER_KM2,UKI3,10041.1,10129.1,10226.5,10363.6,10514.2,10627.4b,10719.0,10844.6,:,:,:,:
PER_KM2,UKI4,10205.4,10405.9,10604.3,10817.8,11029.7,11201.4b,11357.1,11509.1,:,:,:,:
PER_KM2,UKI5,4086.6,4142.9,4197.7,4258.3,4320.9,4374.6b,4425.5,4473.1,:,:,:,:
PER_KM2,UKI6,3458.2,3498.7,3538.9,3576.7,3611.6,3639.0b,3668.4,3698.1,:,:,:,:
PER_KM2,UKI7,4224.4,4276.9,4321.4,4365.7,4407.8,4441.7b,4475.4,4509.4,:,:,:,:
PER_KM2,UKJ1,396.3,399.7,403.2,407.0,410.7,414.1b,417.0,419.8,:,:,:,:
PER_KM2,UKJ2,504.1,508.2,512.6,517.1,521.7,525.7b,529.4,532.7,:,:,:,:
PER_KM2,UKJ3,458.2,461.4,464.2,467.3,470.8,474.2b,477.1,479.4,:,:,:,:
PER_KM2,UKJ4,463.5,467.9,472.4,476.9,481.6,486.2b,490.6,494.2,:,:,:,:
PER_KM2,UKK1,315.1,317.8,320.7,323.8,327.1,330.1b,333.0,335.7,:,:,:,:
PER_KM2,UKK2,209.1,210.5,211.7,213.0,214.5,216.0b,217.3,218.4,:,:,:,:
PER_KM2,UKK3,150.5,151.6,152.8,153.9,155.1,156.6b,157.9,159.1,:,:,:,:
PER_KM2,UKK4,169.3,170.3,171.4,172.7,174.0,175.3b,176.6,177.7,:,:,:,:
PER_KM2,UKL1,147.6,147.9,148.3,148.6,149.0,149.4b,149.8,150.0,:,:,:,:
PER_KM2,UKL2,148.0,148.7,149.4,150.0,150.6,151.3b,152.1,152.7,:,:,:,:
PER_KM2,UKM5,73.2,73.9,74.6,75.3,75.6,75.7b,75.9,76.2,:,:,:,:
PER_KM2,UKM6,11.5,11.5,11.6,11.6,11.6,11.6b,11.6,11.7,:,:,:,:
PER_KM2,UKM7,144.3,145.2,145.9,146.8,147.8,149.0b,150.0,150.8,:,:,:,:
PER_KM2,UKM8,776.9,778.5,779.7,782.1,786.4,793.1b,797.2,800.0,:,:,:,:
PER_KM2,UKM9,59.6,59.6,59.6,59.5,59.6,59.7b,59.7,59.7,:,:,:,:
PER_KM2,UKN0,133.8,134.4,135.0,135.7,136.5,137.3b,138.0,138.7,:,:,:,:
